before,checkout,dairy,drinks,fruit,spices
checkout,1.0,0.0,0.0,0.0,0.0
dairy,0.10268384628368873,0.7371293535137569,0.05862825634389242,0.0500759579136893,0.05148258594497271
drinks,0.2155048324079786,0.01089862224964014,0.5984988690108987,0.08801151552539585,0.08708616080608678
fruit,0.20107027622570237,0.09593137640670496,0.05516644369245298,0.5971511765168804,0.05068072715825923
spices,0.149912378524773,0.1935638043651426,0.1631352556953959,0.09112633423610005,0.4022622271785885
